Epoch,Train_Loss,Val_Loss,Tip_X_mm,Tip_Y_mm,Alpha,LR,Status
1,0.27887,0.29711,0.41,0.24,0.863,1.2e-05,▼ BEST
2,0.25584,0.27339,0.37,0.21,0.861,1.4e-05,▼ BEST
3,0.23822,0.25754,0.33,0.19,0.858,1.5e-05,▼ BEST
4,0.2274,0.24884,0.32,0.18,0.854,1.7e-05,▼ BEST
5,0.22101,0.24366,0.3,0.17,0.85,1.9e-05,▼ BEST
6,0.21647,0.24058,0.29,0.16,0.846,2.1e-05,▼ BEST
7,0.21342,0.23849,0.29,0.16,0.843,2.3e-05,▼ BEST
8,0.21155,0.2368,0.28,0.16,0.841,2.4e-05,▼ BEST
9,0.21005,0.23541,0.28,0.15,0.838,2.6e-05,▼ BEST
10,0.20845,0.23441,0.28,0.15,0.836,2.8e-05,▼ BEST
11,0.20735,0.23348,0.27,0.15,0.834,3e-05,▼ BEST
12,0.20683,0.2326,0.27,0.15,0.832,3.2e-05,▼ BEST
13,0.20572,0.23191,0.27,0.15,0.83,3.3e-05,▼ BEST
14,0.20472,0.23129,0.27,0.14,0.828,3.5e-05,▼ BEST
15,0.20397,0.23092,0.27,0.14,0.826,3.7e-05,▼ BEST
16,0.20337,0.23031,0.26,0.14,0.824,3.9e-05,▼ BEST
17,0.20278,0.22994,0.26,0.14,0.822,4.1e-05,▼ BEST
18,0.20206,0.22929,0.26,0.14,0.821,4.2e-05,▼ BEST
19,0.20152,0.2287,0.26,0.14,0.818,4.4e-05,▼ BEST
20,0.20114,0.22815,0.26,0.14,0.816,4.6e-05,▼ BEST
21,0.20067,0.22781,0.26,0.14,0.814,4.8e-05,▼ BEST
22,0.19986,0.22763,0.26,0.14,0.811,5e-05,▼ BEST
23,0.1995,0.22638,0.26,0.14,0.807,5.1e-05,▼ BEST
24,0.1988,0.22654,0.26,0.14,0.803,5.3e-05,▲ +1
25,0.19839,0.22645,0.26,0.14,0.798,5.5e-05,▲ +1
26,0.19789,0.2254,0.26,0.14,0.793,5.7e-05,▼ BEST
27,0.19633,0.22465,0.26,0.14,0.785,5.9e-05,▼ BEST
28,0.19576,0.22527,0.26,0.14,0.778,6e-05,▲ +1
29,0.19545,0.22685,0.26,0.14,0.771,6.2e-05,▲ +1
30,0.1936,0.22279,0.26,0.14,0.762,6.4e-05,▼ BEST
31,0.19236,0.22291,0.26,0.14,0.754,6.6e-05,▲ +1
32,0.19263,0.22276,0.26,0.14,0.747,6.8e-05,▼ BEST
33,0.19007,0.22591,0.26,0.14,0.74,6.9e-05,▲ +1
34,0.19091,0.21924,0.26,0.14,0.736,7.1e-05,▼ BEST
35,0.18922,0.22021,0.26,0.14,0.73,7.3e-05,▲ +1
36,0.18961,0.21816,0.26,0.14,0.726,7.5e-05,▼ BEST
37,0.18767,0.22145,0.26,0.14,0.72,7.7e-05,▲ +1
38,0.18756,0.21821,0.26,0.14,0.715,7.8e-05,▲ +1
39,0.18667,0.21951,0.26,0.14,0.713,8e-05,▲ +1
40,0.18709,0.21957,0.26,0.14,0.71,8.2e-05,▲ +1
41,0.18383,0.21856,0.26,0.14,0.702,8.4e-05,▲ +1
42,0.18691,0.22005,0.26,0.14,0.701,8.6e-05,▲ +1
43,0.1841,0.21835,0.26,0.14,0.697,8.7e-05,▲ +1
44,0.1833,0.21721,0.26,0.14,0.694,8.9e-05,▼ BEST
45,0.18206,0.21898,0.26,0.14,0.687,9.1e-05,▲ +1
46,0.1821,0.2162,0.26,0.14,0.685,9.3e-05,▼ BEST
47,0.18333,0.22099,0.26,0.14,0.682,9.5e-05,▲ +1
48,0.18162,0.21471,0.26,0.14,0.679,9.6e-05,▼ BEST
49,0.18037,0.212,0.26,0.14,0.675,9.8e-05,▼ BEST
50,0.17981,0.21624,0.26,0.14,0.673,0.0001,▲ +1
51,0.17931,0.21246,0.26,0.14,0.669,0.0001,▲ +1
52,0.18093,0.21683,0.26,0.14,0.667,0.0001,▲ +1
53,0.17739,0.21693,0.26,0.14,0.665,0.0001,▲ +1
54,0.1787,0.21681,0.26,0.14,0.663,0.0001,▲ +1
55,0.17677,0.21276,0.26,0.14,0.661,0.0001,▲ +1
56,0.17754,0.21409,0.26,0.14,0.658,0.0001,▲ +1
57,0.17839,0.2148,0.26,0.14,0.658,0.0001,▲ +1
58,0.17548,0.21327,0.25,0.14,0.653,0.0001,▲ +1
59,0.17718,0.21135,0.26,0.14,0.653,0.0001,▼ BEST
60,0.17668,0.20982,0.25,0.14,0.651,0.0001,▼ BEST
61,0.17537,0.21366,0.26,0.14,0.645,0.0001,▲ +1
62,0.17562,0.21857,0.26,0.14,0.644,0.0001,▲ +1
63,0.17505,0.2217,0.26,0.14,0.644,0.0001,▲ +1
64,0.17495,0.21666,0.26,0.14,0.64,0.0001,▲ +1
65,0.17523,0.22157,0.25,0.14,0.636,0.0001,▲ +1
66,0.17505,0.20918,0.26,0.14,0.635,0.0001,▼ BEST
67,0.17201,0.21812,0.26,0.14,0.631,0.0001,▲ +1
68,0.1712,0.21297,0.26,0.14,0.628,0.0001,▲ +1
69,0.17078,0.20951,0.26,0.14,0.627,0.0001,▲ +1
70,0.17155,0.20371,0.25,0.14,0.623,0.0001,▼ BEST
71,0.1709,0.20932,0.26,0.14,0.621,0.0001,▲ +1
72,0.17106,0.20318,0.26,0.14,0.616,0.0001,▼ BEST
73,0.17157,0.20203,0.25,0.14,0.618,0.0001,▼ BEST
74,0.16919,0.21511,0.25,0.14,0.612,0.0001,▲ +1
75,0.16982,0.20367,0.25,0.14,0.612,0.0001,▲ +1
76,0.16896,0.20565,0.26,0.14,0.607,0.0001,▲ +1
77,0.16936,0.20119,0.25,0.14,0.606,0.0001,▼ BEST
78,0.16853,0.20813,0.26,0.14,0.61,0.0001,▲ +1
79,0.17072,0.20192,0.25,0.14,0.604,0.0001,▲ +1
80,0.1692,0.19982,0.26,0.14,0.603,0.0001,▼ BEST
81,0.1669,0.1981,0.25,0.13,0.601,0.0001,▼ BEST
82,0.16569,0.21092,0.25,0.14,0.596,0.0001,▲ +1
83,0.16604,0.20996,0.25,0.14,0.59,0.0001,▲ +1
84,0.16614,0.20403,0.25,0.14,0.591,0.0001,▲ +1
85,0.16414,0.20507,0.26,0.14,0.587,0.0001,▲ +1
86,0.16368,0.20741,0.25,0.14,0.581,0.0001,▲ +1
87,0.16361,0.20103,0.25,0.14,0.58,0.0001,▲ +1
88,0.1651,0.21093,0.25,0.14,0.58,0.0001,▲ +1
89,0.1645,0.20423,0.25,0.14,0.578,0.0001,▲ +1
90,0.16403,0.20732,0.25,0.13,0.573,0.0001,▲ +1
91,0.16147,0.20192,0.25,0.14,0.568,0.0001,▲ +1
92,0.16414,0.20382,0.25,0.13,0.562,0.0001,▲ +1
93,0.1664,0.19851,0.25,0.13,0.561,0.0001,▲ +1
94,0.1651,0.20443,0.25,0.13,0.561,0.0001,▲ +1
95,0.1617,0.19672,0.26,0.14,0.557,0.0001,▼ BEST
96,0.1652,0.19326,0.25,0.13,0.558,0.0001,▼ BEST
97,0.16182,0.2051,0.25,0.14,0.554,0.0001,▲ +1
98,0.16157,0.19655,0.25,0.14,0.55,0.0001,▲ +1
99,0.16203,0.20238,0.25,0.14,0.547,0.0001,▲ +1
100,0.16111,0.19931,0.25,0.13,0.544,0.0001,▲ +1
101,0.16117,0.20309,0.25,0.13,0.545,0.0001,▲ +1
102,0.16023,0.21009,0.25,0.13,0.542,0.0001,▲ +1
103,0.16081,0.20341,0.25,0.13,0.54,0.0001,▲ +1
104,0.1605,0.20544,0.25,0.13,0.536,0.0001,▲ +1
105,0.15978,0.20433,0.25,0.13,0.532,0.0001,▲ +1
106,0.15969,0.2069,0.25,0.13,0.533,0.0001,▲ +1
107,0.1627,0.20326,0.25,0.13,0.53,0.0001,▲ +1
108,0.15941,0.2018,0.25,0.13,0.531,0.0001,▲ +1
109,0.16108,0.20318,0.25,0.13,0.528,0.0001,▲ +1
110,0.15868,0.20334,0.25,0.13,0.523,0.0001,▲ +1
111,0.15635,0.19496,0.25,0.13,0.52,0.0001,▲ +1
112,0.15808,0.20883,0.25,0.13,0.518,0.0001,▲ +1
113,0.15896,0.1977,0.25,0.13,0.518,0.0001,▲ +1
114,0.15512,0.19465,0.25,0.13,0.515,0.0001,▲ +1
115,0.15527,0.20494,0.25,0.13,0.512,0.0001,▲ +1
116,0.15469,0.19864,0.26,0.14,0.51,0.0001,▲ +1
117,0.15922,0.21175,0.25,0.13,0.51,0.0001,▲ +1
118,0.15655,0.19852,0.26,0.14,0.506,0.0001,▲ +1
119,0.15757,0.19669,0.25,0.13,0.504,0.0001,▲ +1
120,0.15863,0.2059,0.25,0.14,0.5,0.0001,▲ +1
121,0.15299,0.19377,0.25,0.13,0.498,0.0001,▲ +1
122,0.15659,0.19616,0.27,0.15,0.5,0.0001,▲ +1
123,0.15802,0.21132,0.25,0.13,0.497,0.0001,▲ +1
124,0.15611,0.20787,0.25,0.13,0.494,0.0001,▲ +1
125,0.15581,0.20526,0.26,0.14,0.497,0.0001,▲ +1
126,0.16049,0.19465,0.25,0.13,0.493,0.0001,▲ +1
127,0.15433,0.20546,0.25,0.13,0.491,0.0001,▲ +1
128,0.15728,0.19889,0.25,0.13,0.49,0.0001,▲ +1
129,0.15681,0.19655,0.25,0.13,0.487,0.0001,▲ +1
130,0.15166,0.19746,0.25,0.13,0.485,0.0001,▲ +1
131,0.15084,0.19514,0.25,0.14,0.481,0.0001,▲ +1
132,0.15608,0.19922,0.25,0.13,0.485,0.0001,▲ +1
133,0.15423,0.2125,0.25,0.13,0.482,0.0001,▲ +1
134,0.15466,0.1969,0.25,0.13,0.481,0.0001,▲ +1
135,0.15212,0.18315,0.25,0.13,0.475,0.0001,▼ BEST
136,0.15069,0.19782,0.25,0.13,0.474,0.0001,▲ +1
137,0.15306,0.20627,0.25,0.13,0.475,0.0001,▲ +1
138,0.15081,0.20529,0.25,0.13,0.471,9.9e-05,▲ +1
139,0.15362,0.20303,0.25,0.13,0.469,9.9e-05,▲ +1
140,0.15326,0.21673,0.25,0.13,0.466,9.9e-05,▲ +1
141,0.15484,0.20344,0.25,0.14,0.464,9.9e-05,▲ +1
142,0.15422,0.20473,0.25,0.13,0.462,9.9e-05,▲ +1
143,0.15378,0.19667,0.25,0.13,0.462,9.9e-05,▲ +1
144,0.15306,0.1955,0.25,0.13,0.458,9.9e-05,▲ +1
145,0.15055,0.19732,0.25,0.13,0.454,9.9e-05,▲ +1
146,0.15154,0.19346,0.25,0.13,0.454,9.9e-05,▲ +1
147,0.14594,0.18807,0.26,0.14,0.448,9.9e-05,▲ +1
148,0.1553,0.18527,0.25,0.13,0.448,9.9e-05,▲ +1
149,0.15294,0.20015,0.25,0.13,0.448,9.9e-05,▲ +1
150,0.14654,0.1844,0.25,0.13,0.442,9.9e-05,▲ +1
151,0.14279,0.1858,0.25,0.13,0.437,9.9e-05,▲ +1
152,0.14759,0.20432,0.25,0.13,0.432,9.9e-05,▲ +1
153,0.14778,0.20658,0.25,0.13,0.43,9.9e-05,▲ +1
154,0.15012,0.20258,0.25,0.13,0.431,9.9e-05,▲ +1
155,0.14622,0.21045,0.25,0.13,0.429,9.9e-05,▲ +1
156,0.15006,0.20838,0.25,0.13,0.428,9.9e-05,▲ +1
157,0.14222,0.18695,0.25,0.13,0.422,9.9e-05,▲ +1
158,0.14832,0.19711,0.25,0.13,0.42,9.9e-05,▲ +1
159,0.14764,0.19725,0.25,0.13,0.418,9.9e-05,▲ +1
160,0.14635,0.18745,0.25,0.13,0.417,9.9e-05,▲ +1
161,0.14666,0.1947,0.25,0.13,0.414,9.9e-05,▲ +1
162,0.14247,0.20855,0.25,0.13,0.411,9.9e-05,▲ +1
163,0.14884,0.18366,0.25,0.13,0.409,9.9e-05,▲ +1
164,0.14253,0.20701,0.25,0.13,0.408,9.9e-05,▲ +1
165,0.15328,0.20096,0.25,0.13,0.408,9.9e-05,▲ +1
166,0.14527,0.19489,0.25,0.13,0.41,9.9e-05,▲ +1
167,0.14837,0.18998,0.25,0.13,0.411,9.9e-05,▲ +1
168,0.14111,0.20128,0.26,0.14,0.407,9.9e-05,▲ +1
169,0.14556,0.1879,0.26,0.13,0.406,9.9e-05,▲ +1
170,0.14821,0.18696,0.25,0.13,0.408,9.9e-05,▲ +1
171,0.14777,0.21078,0.25,0.13,0.412,9.9e-05,▲ +1
172,0.14461,0.19661,0.25,0.13,0.409,9.9e-05,▲ +1
173,0.13981,0.20027,0.25,0.13,0.405,9.9e-05,▲ +1
174,0.13964,0.20729,0.25,0.13,0.402,9.9e-05,▲ +1
175,0.14314,0.20103,0.25,0.13,0.404,9.9e-05,▲ +1
176,0.14636,0.20257,0.25,0.13,0.405,9.9e-05,▲ +1
177,0.14368,0.19349,0.25,0.13,0.405,9.9e-05,▲ +1
178,0.14022,0.18194,0.25,0.13,0.401,9.9e-05,▼ BEST
179,0.14195,0.19956,0.25,0.13,0.402,9.9e-05,▲ +1
180,0.14106,0.18751,0.25,0.13,0.401,9.9e-05,▲ +1
181,0.1385,0.19834,0.25,0.13,0.398,9.9e-05,▲ +1
182,0.14421,0.1959,0.25,0.13,0.397,9.9e-05,▲ +1
183,0.1392,0.20712,0.25,0.13,0.394,9.9e-05,▲ +1
184,0.14005,0.19896,0.25,0.13,0.393,9.9e-05,▲ +1
185,0.13803,0.20342,0.25,0.13,0.39,9.9e-05,▲ +1
186,0.14071,0.18888,0.25,0.13,0.39,9.9e-05,▲ +1
187,0.14128,0.18491,0.25,0.13,0.39,9.9e-05,▲ +1
188,0.13963,0.19664,0.25,0.13,0.387,9.9e-05,▲ +1
189,0.13923,0.20424,0.25,0.13,0.387,9.9e-05,▲ +1
190,0.13862,0.19241,0.25,0.13,0.389,9.9e-05,▲ +1
191,0.13908,0.17698,0.25,0.13,0.387,9.9e-05,▼ BEST
192,0.13593,0.21953,0.25,0.13,0.389,9.9e-05,▲ +1
193,0.1482,0.19455,0.25,0.13,0.393,9.9e-05,▲ +1
194,0.14107,0.19521,0.25,0.13,0.389,9.9e-05,▲ +1
195,0.13953,0.22046,0.25,0.14,0.387,9.9e-05,▲ +1
196,0.13896,0.21411,0.25,0.13,0.39,9.9e-05,▲ +1
197,0.13746,0.18912,0.25,0.13,0.389,9.9e-05,▲ +1
198,0.13944,0.19432,0.25,0.13,0.39,9.9e-05,▲ +1
199,0.1375,0.20533,0.25,0.13,0.387,9.9e-05,▲ +1
200,0.14447,0.1838,0.25,0.13,0.386,9.9e-05,▲ +1
201,0.13971,0.20186,0.25,0.13,0.387,9.9e-05,▲ +1
202,0.13544,0.17851,0.25,0.13,0.387,9.9e-05,▲ +1
203,0.13854,0.20942,0.25,0.13,0.388,9.8e-05,▲ +1
204,0.13868,0.17865,0.25,0.13,0.387,9.8e-05,▲ +1
205,0.13751,0.1748,0.25,0.13,0.385,9.8e-05,▼ BEST
206,0.1373,0.19434,0.25,0.13,0.383,9.8e-05,▲ +1
207,0.135,0.18864,0.25,0.13,0.384,9.8e-05,▲ +1
208,0.13521,0.18,0.25,0.13,0.388,9.8e-05,▲ +1
209,0.13815,0.2054,0.25,0.13,0.389,9.8e-05,▲ +1
210,0.1349,0.20184,0.25,0.13,0.389,9.8e-05,▲ +1
211,0.13472,0.20106,0.25,0.13,0.389,9.8e-05,▲ +1
212,0.13243,0.20938,0.25,0.13,0.387,9.8e-05,▲ +1
213,0.135,0.18049,0.25,0.13,0.386,9.8e-05,▲ +1
214,0.13813,0.20485,0.25,0.13,0.383,9.8e-05,▲ +1
215,0.13917,0.19285,0.25,0.13,0.388,9.8e-05,▲ +1
216,0.13725,0.19575,0.25,0.13,0.388,9.8e-05,▲ +1
217,0.13455,0.19271,0.25,0.13,0.385,9.8e-05,▲ +1
218,0.13503,0.19212,0.25,0.13,0.383,9.8e-05,▲ +1
219,0.1305,0.17654,0.25,0.13,0.378,9.8e-05,▲ +1
220,0.13029,0.17569,0.25,0.13,0.376,9.8e-05,▲ +1
221,0.13155,0.17694,0.25,0.13,0.378,9.8e-05,▲ +1
222,0.12895,0.17207,0.25,0.13,0.376,9.8e-05,▼ BEST
223,0.1321,0.17026,0.25,0.13,0.377,9.8e-05,▼ BEST
224,0.12978,0.17624,0.25,0.13,0.377,9.8e-05,▲ +1
225,0.1329,0.18857,0.25,0.13,0.376,9.8e-05,▲ +1
226,0.12985,0.21325,0.25,0.13,0.374,9.8e-05,▲ +1
227,0.13076,0.20779,0.25,0.13,0.375,9.8e-05,▲ +1
228,0.13405,0.18766,0.25,0.13,0.374,9.8e-05,▲ +1
229,0.13529,0.20652,0.25,0.13,0.372,9.8e-05,▲ +1
230,0.12755,0.17878,0.25,0.13,0.372,9.8e-05,▲ +1
231,0.13138,0.18101,0.25,0.13,0.371,9.8e-05,▲ +1
232,0.12935,0.17757,0.25,0.13,0.369,9.8e-05,▲ +1
233,0.13018,0.18633,0.24,0.13,0.369,9.8e-05,▲ +1
234,0.13032,0.18131,0.25,0.13,0.368,9.8e-05,▲ +1
235,0.13422,0.16922,0.25,0.13,0.368,9.8e-05,▼ BEST
236,0.13299,0.19243,0.25,0.13,0.37,9.8e-05,▲ +1
237,0.12844,0.18187,0.25,0.13,0.368,9.8e-05,▲ +1
238,0.12744,0.18559,0.25,0.13,0.367,9.8e-05,▲ +1
239,0.12807,0.17184,0.25,0.13,0.365,9.8e-05,▲ +1
240,0.13347,0.17378,0.25,0.13,0.363,9.8e-05,▲ +1
241,0.13312,0.19403,0.26,0.14,0.366,9.8e-05,▲ +1
242,0.13521,0.16746,0.25,0.13,0.364,9.8e-05,▼ BEST
243,0.12786,0.18217,0.25,0.13,0.363,9.8e-05,▲ +1
244,0.12556,0.17403,0.25,0.13,0.358,9.8e-05,▲ +1
245,0.13379,0.17762,0.25,0.13,0.363,9.8e-05,▲ +1
246,0.12978,0.19093,0.25,0.13,0.361,9.8e-05,▲ +1
247,0.12589,0.18641,0.25,0.13,0.361,9.8e-05,▲ +1
248,0.12054,0.2334,0.25,0.13,0.356,9.7e-05,▲ +1
249,0.12964,0.20666,0.26,0.14,0.363,9.7e-05,▲ +1
250,0.12907,0.16596,0.25,0.13,0.365,9.7e-05,▼ BEST
251,0.12861,0.20328,0.25,0.13,0.368,9.7e-05,▲ +1
252,0.13061,0.16743,0.25,0.13,0.371,9.7e-05,▲ +1
253,0.12867,0.1708,0.25,0.13,0.371,9.7e-05,▲ +1
254,0.12833,0.1728,0.25,0.13,0.371,9.7e-05,▲ +1
255,0.1361,0.18974,0.25,0.13,0.374,9.7e-05,▲ +1
256,0.13488,0.17347,0.24,0.13,0.376,9.7e-05,▲ +1
257,0.12985,0.1814,0.25,0.13,0.376,9.7e-05,▲ +1
258,0.12446,0.1777,0.25,0.13,0.371,9.7e-05,▲ +1
259,0.12844,0.2297,0.26,0.13,0.37,9.7e-05,▲ +1
260,0.12642,0.22341,0.25,0.13,0.37,9.7e-05,▲ +1
261,0.1252,0.18704,0.24,0.13,0.374,9.7e-05,▲ +1
262,0.12116,0.17967,0.24,0.13,0.37,9.7e-05,▲ +1
263,0.12382,0.17459,0.24,0.13,0.369,9.7e-05,▲ +1
264,0.12195,0.16545,0.25,0.13,0.364,9.7e-05,▼ BEST
265,0.12615,0.16695,0.25,0.13,0.365,9.7e-05,▲ +1
266,0.12659,0.18897,0.25,0.13,0.365,9.7e-05,▲ +1
267,0.12893,0.17574,0.24,0.13,0.368,9.7e-05,▲ +1
268,0.12637,0.179,0.24,0.13,0.37,9.7e-05,▲ +1
269,0.12132,0.19189,0.24,0.13,0.371,9.7e-05,▲ +1
270,0.12023,0.1722,0.25,0.13,0.367,9.7e-05,▲ +1
271,0.12833,0.16837,0.25,0.13,0.368,9.7e-05,▲ +1
272,0.12357,0.193,0.24,0.13,0.367,9.7e-05,▲ +1
273,0.12146,0.20481,0.25,0.13,0.368,9.7e-05,▲ +1
274,0.12578,0.17472,0.25,0.13,0.368,9.7e-05,▲ +1
275,0.12259,0.16282,0.25,0.13,0.366,9.7e-05,▼ BEST
276,0.11977,0.20804,0.24,0.13,0.364,9.7e-05,▲ +1
277,0.11956,0.19776,0.24,0.13,0.363,9.7e-05,▲ +1
278,0.11821,0.18499,0.24,0.13,0.361,9.7e-05,▲ +1
279,0.12024,0.18022,0.25,0.13,0.361,9.7e-05,▲ +1
280,0.12678,0.17123,0.25,0.13,0.36,9.7e-05,▲ +1
281,0.125,0.1758,0.25,0.13,0.361,9.7e-05,▲ +1
282,0.11907,0.16225,0.24,0.13,0.361,9.7e-05,▼ BEST
283,0.11416,0.19118,0.24,0.13,0.357,9.7e-05,▲ +1
284,0.12419,0.16923,0.24,0.13,0.363,9.6e-05,▲ +1
285,0.1135,0.16618,0.24,0.13,0.361,9.6e-05,▲ +1
286,0.11484,0.1735,0.25,0.13,0.36,9.6e-05,▲ +1
287,0.12033,0.16229,0.25,0.13,0.362,9.6e-05,▲ +1
288,0.12605,0.15938,0.25,0.13,0.367,9.6e-05,▼ BEST
289,0.1188,0.16291,0.25,0.13,0.368,9.6e-05,▲ +1
290,0.11747,0.16266,0.24,0.13,0.368,9.6e-05,▲ +1
291,0.12344,0.15958,0.25,0.13,0.372,9.6e-05,▲ +1
292,0.12496,0.16727,0.25,0.13,0.373,9.6e-05,▲ +1
293,0.12524,0.17028,0.25,0.13,0.372,9.6e-05,▲ +1
294,0.11877,0.16537,0.25,0.13,0.371,9.6e-05,▲ +1
295,0.11529,0.1816,0.24,0.13,0.369,9.6e-05,▲ +1
296,0.11166,0.1634,0.24,0.13,0.368,9.6e-05,▲ +1
297,0.11566,0.1616,0.24,0.13,0.368,9.6e-05,▲ +1
298,0.11796,0.16071,0.24,0.13,0.371,9.6e-05,▲ +1
299,0.12306,0.16101,0.24,0.13,0.373,9.6e-05,▲ +1
300,0.11785,0.16957,0.24,0.13,0.371,9.6e-05,▲ +1
301,0.11535,0.17275,0.24,0.13,0.371,9.6e-05,▲ +1
302,0.11784,0.17242,0.25,0.13,0.37,9.6e-05,▲ +1
303,0.12103,0.18421,0.25,0.13,0.374,9.6e-05,▲ +1
304,0.11468,0.16727,0.25,0.13,0.372,9.6e-05,▲ +1
305,0.12221,0.16409,0.24,0.13,0.373,9.6e-05,▲ +1
306,0.11817,0.15777,0.25,0.13,0.375,9.6e-05,▼ BEST
307,0.11419,0.15798,0.24,0.13,0.375,9.6e-05,▲ +1
308,0.11117,0.15136,0.25,0.13,0.373,9.6e-05,▼ BEST
309,0.11078,0.15861,0.24,0.13,0.372,9.6e-05,▲ +1
310,0.11212,0.15999,0.25,0.13,0.371,9.6e-05,▲ +1
311,0.10958,0.18906,0.25,0.13,0.368,9.6e-05,▲ +1
312,0.11399,0.17214,0.24,0.13,0.372,9.6e-05,▲ +1
313,0.11137,0.1534,0.25,0.13,0.369,9.6e-05,▲ +1
314,0.11277,0.16451,0.25,0.13,0.372,9.6e-05,▲ +1
315,0.11356,0.16105,0.24,0.13,0.371,9.6e-05,▲ +1
316,0.11719,0.156,0.24,0.13,0.373,9.5e-05,▲ +1
317,0.11163,0.16606,0.24,0.13,0.373,9.5e-05,▲ +1
318,0.11216,0.14423,0.24,0.13,0.374,9.5e-05,▼ BEST
319,0.12307,0.16962,0.29,0.15,0.378,9.5e-05,▲ +1
320,0.11942,0.14768,0.24,0.13,0.378,9.5e-05,▲ +1
321,0.11012,0.15542,0.25,0.13,0.376,9.5e-05,▲ +1
322,0.11484,0.15586,0.24,0.13,0.377,9.5e-05,▲ +1
323,0.10809,0.14994,0.24,0.13,0.374,9.5e-05,▲ +1
324,0.11748,0.14693,0.24,0.13,0.379,9.5e-05,▲ +1
325,0.10439,0.15142,0.24,0.13,0.374,9.5e-05,▲ +1
326,0.10338,0.15195,0.24,0.13,0.37,9.5e-05,▲ +1
327,0.10698,0.15153,0.24,0.13,0.37,9.5e-05,▲ +1
328,0.1113,0.16056,0.25,0.13,0.372,9.5e-05,▲ +1
329,0.10518,0.14984,0.24,0.13,0.37,9.5e-05,▲ +1
330,0.11321,0.15914,0.24,0.13,0.375,9.5e-05,▲ +1
331,0.10769,0.15533,0.24,0.13,0.374,9.5e-05,▲ +1
332,0.1214,0.18886,0.24,0.13,0.379,9.5e-05,▲ +1
333,0.11346,0.16048,0.24,0.13,0.379,9.5e-05,▲ +1
334,0.11091,0.16186,0.24,0.13,0.377,9.5e-05,▲ +1
335,0.10639,0.15917,0.25,0.13,0.376,9.5e-05,▲ +1
336,0.10846,0.16473,0.24,0.13,0.375,9.5e-05,▲ +1
337,0.10797,0.16967,0.24,0.13,0.375,9.5e-05,▲ +1
338,0.10815,0.15866,0.24,0.13,0.375,9.5e-05,▲ +1
339,0.11112,0.15646,0.25,0.13,0.375,9.5e-05,▲ +1
340,0.1155,0.15266,0.25,0.13,0.373,9.5e-05,▲ +1
341,0.11464,0.14905,0.24,0.13,0.374,9.5e-05,▲ +1
342,0.10547,0.1569,0.25,0.13,0.371,9.5e-05,▲ +1
343,0.1114,0.15594,0.24,0.13,0.377,9.5e-05,▲ +1
344,0.10265,0.17957,0.24,0.13,0.374,9.5e-05,▲ +1
345,0.10993,0.15713,0.24,0.13,0.377,9.4e-05,▲ +1
346,0.11018,0.18378,0.24,0.13,0.379,9.4e-05,▲ +1
347,0.10446,0.15492,0.24,0.13,0.379,9.4e-05,▲ +1
348,0.10264,0.14365,0.24,0.13,0.378,9.4e-05,▼ BEST
349,0.10023,0.14716,0.24,0.13,0.375,9.4e-05,▲ +1
350,0.10075,0.16293,0.24,0.13,0.375,9.4e-05,▲ +1
351,0.10512,0.1469,0.24,0.13,0.374,9.4e-05,▲ +1
352,0.1046,0.14465,0.25,0.13,0.371,9.4e-05,▲ +1
353,0.10966,0.15461,0.24,0.13,0.373,9.4e-05,▲ +1
354,0.10756,0.14084,0.24,0.13,0.372,9.4e-05,▼ BEST
355,0.10605,0.1487,0.24,0.13,0.371,9.4e-05,▲ +1
356,0.10546,0.14978,0.24,0.13,0.37,9.4e-05,▲ +1
357,0.10499,0.14732,0.24,0.13,0.372,9.4e-05,▲ +1
358,0.11748,0.152,0.24,0.13,0.376,9.4e-05,▲ +1
359,0.10974,0.1435,0.24,0.13,0.374,9.4e-05,▲ +1
360,0.10479,0.1598,0.24,0.13,0.372,9.4e-05,▲ +1
361,0.11178,0.15036,0.24,0.13,0.37,9.4e-05,▲ +1
362,0.10892,0.14558,0.24,0.13,0.373,9.4e-05,▲ +1
363,0.10829,0.15933,0.24,0.13,0.374,9.4e-05,▲ +1
364,0.103,0.15394,0.24,0.13,0.373,9.4e-05,▲ +1
365,0.10705,0.14737,0.24,0.13,0.373,9.4e-05,▲ +1
366,0.10269,0.14135,0.24,0.13,0.373,9.4e-05,▲ +1
367,0.10097,0.17114,0.24,0.13,0.373,9.4e-05,▲ +1
368,0.11547,0.22093,0.24,0.13,0.377,9.4e-05,▲ +1
369,0.11567,0.17281,0.24,0.13,0.378,9.4e-05,▲ +1
370,0.10594,0.16108,0.24,0.13,0.375,9.4e-05,▲ +1
371,0.0988,0.14484,0.24,0.13,0.37,9.3e-05,▲ +1
372,0.09757,0.14597,0.24,0.13,0.367,9.3e-05,▲ +1
373,0.10722,0.15458,0.24,0.13,0.364,9.3e-05,▲ +1
374,0.1072,0.16459,0.24,0.13,0.365,9.3e-05,▲ +1
375,0.09863,0.14155,0.24,0.13,0.364,9.3e-05,▲ +1
376,0.10798,0.16337,0.24,0.13,0.369,9.3e-05,▲ +1
377,0.10826,0.15741,0.24,0.13,0.371,9.3e-05,▲ +1
378,0.10421,0.15972,0.24,0.13,0.371,9.3e-05,▲ +1
379,0.09912,0.16506,0.24,0.13,0.367,9.3e-05,▲ +1
380,0.1055,0.15476,0.24,0.13,0.368,9.3e-05,▲ +1
381,0.11147,0.14953,0.24,0.13,0.372,9.3e-05,▲ +1
382,0.10127,0.16702,0.24,0.13,0.37,9.3e-05,▲ +1
383,0.10195,0.15757,0.24,0.13,0.369,9.3e-05,▲ +1
384,0.11238,0.15797,0.24,0.13,0.373,9.3e-05,▲ +1
385,0.10279,0.15224,0.24,0.13,0.373,9.3e-05,▲ +1
386,0.10109,0.16273,0.25,0.13,0.371,9.3e-05,▲ +1
387,0.10182,0.15487,0.24,0.13,0.371,9.3e-05,▲ +1
388,0.0999,0.15971,0.24,0.13,0.371,9.3e-05,▲ +1
389,0.09664,0.14539,0.24,0.13,0.366,9.3e-05,▲ +1
390,0.10079,0.14216,0.24,0.13,0.368,9.3e-05,▲ +1
391,0.09654,0.14343,0.24,0.13,0.365,9.3e-05,▲ +1
392,0.09484,0.15759,0.24,0.13,0.365,9.3e-05,▲ +1
393,0.09522,0.14538,0.24,0.13,0.364,9.3e-05,▲ +1
394,0.09554,0.16366,0.24,0.13,0.363,9.3e-05,▲ +1
395,0.09903,0.15149,0.24,0.13,0.362,9.2e-05,▲ +1
396,0.0982,0.14792,0.25,0.13,0.365,9.2e-05,▲ +1
397,0.10233,0.1395,0.24,0.13,0.368,9.2e-05,▼ BEST
398,0.10355,0.15232,0.24,0.13,0.369,9.2e-05,▲ +1
399,0.10689,0.15609,0.24,0.13,0.369,9.2e-05,▲ +1
400,0.09883,0.14863,0.24,0.13,0.37,9.2e-05,▲ +1
401,0.10317,0.16805,0.24,0.13,0.373,9.2e-05,▲ +1
402,0.10068,0.15158,0.24,0.13,0.372,9.2e-05,▲ +1
403,0.09897,0.14684,0.24,0.13,0.374,9.2e-05,▲ +1
404,0.09645,0.15733,0.24,0.13,0.371,9.2e-05,▲ +1
405,0.10479,0.15025,0.24,0.13,0.376,9.2e-05,▲ +1
406,0.09603,0.15288,0.24,0.13,0.371,9.2e-05,▲ +1
407,0.09309,0.14847,0.24,0.13,0.365,9.2e-05,▲ +1
408,0.10176,0.16163,0.24,0.13,0.368,9.2e-05,▲ +1
409,0.11292,0.14961,0.24,0.13,0.372,9.2e-05,▲ +1
410,0.10885,0.15948,0.24,0.13,0.374,9.2e-05,▲ +1
411,0.10501,0.15949,0.24,0.13,0.373,9.2e-05,▲ +1
412,0.10347,0.1576,0.24,0.13,0.375,9.2e-05,▲ +1
413,0.09481,0.1543,0.24,0.13,0.371,9.2e-05,▲ +1
414,0.09724,0.15151,0.24,0.13,0.373,9.2e-05,▲ +1
415,0.09758,0.14677,0.24,0.13,0.372,9.2e-05,▲ +1
416,0.09598,0.14306,0.24,0.13,0.371,9.2e-05,▲ +1
417,0.09242,0.14233,0.24,0.13,0.37,9.2e-05,▲ +1
418,0.09133,0.14946,0.24,0.13,0.371,9.1e-05,▲ +1
419,0.09565,0.13647,0.24,0.13,0.371,9.1e-05,▼ BEST
420,0.092,0.17934,0.24,0.13,0.367,9.1e-05,▲ +1
421,0.09793,0.14717,0.24,0.13,0.367,9.1e-05,▲ +1
422,0.09559,0.15318,0.24,0.13,0.369,9.1e-05,▲ +1
423,0.10188,0.14476,0.24,0.13,0.371,9.1e-05,▲ +1
424,0.09969,0.13867,0.24,0.13,0.369,9.1e-05,▲ +1
425,0.09586,0.14156,0.24,0.13,0.369,9.1e-05,▲ +1
426,0.09994,0.15289,0.24,0.13,0.369,9.1e-05,▲ +1
427,0.10126,0.13825,0.24,0.13,0.366,9.1e-05,▲ +1
428,0.10178,0.15907,0.24,0.13,0.368,9.1e-05,▲ +1
429,0.10259,0.15549,0.24,0.13,0.371,9.1e-05,▲ +1
430,0.09895,0.15608,0.24,0.13,0.372,9.1e-05,▲ +1
431,0.09637,0.13587,0.24,0.13,0.372,9.1e-05,▼ BEST
432,0.08972,0.15024,0.24,0.13,0.369,9.1e-05,▲ +1
433,0.11159,0.16214,0.24,0.13,0.377,9.1e-05,▲ +1
434,0.10645,0.15983,0.24,0.13,0.379,9.1e-05,▲ +1
435,0.09286,0.13879,0.24,0.13,0.375,9.1e-05,▲ +1
436,0.0935,0.14232,0.24,0.13,0.373,9.1e-05,▲ +1
437,0.10012,0.1381,0.24,0.13,0.375,9.1e-05,▲ +1
438,0.09372,0.13607,0.24,0.13,0.374,9.1e-05,▲ +1
439,0.09371,0.14994,0.24,0.13,0.374,9.1e-05,▲ +1
440,0.09336,0.13959,0.24,0.13,0.374,9e-05,▲ +1
441,0.10007,0.13996,0.24,0.13,0.373,9e-05,▲ +1
442,0.10049,0.15403,0.24,0.13,0.376,9e-05,▲ +1
443,0.09952,0.15219,0.24,0.13,0.376,9e-05,▲ +1
444,0.09771,0.14337,0.24,0.13,0.377,9e-05,▲ +1
445,0.09226,0.18778,0.24,0.13,0.376,9e-05,▲ +1
446,0.09577,0.14556,0.24,0.13,0.378,9e-05,▲ +1
447,0.09459,0.1667,0.24,0.13,0.38,9e-05,▲ +1
448,0.10243,0.14349,0.24,0.13,0.38,9e-05,▲ +1
449,0.10244,0.14493,0.24,0.13,0.381,9e-05,▲ +1
450,0.09135,0.15247,0.24,0.13,0.378,9e-05,▲ +1
451,0.10581,0.14231,0.24,0.13,0.384,9e-05,▲ +1
452,0.10199,0.14776,0.24,0.13,0.383,9e-05,▲ +1
453,0.0988,0.14839,0.24,0.13,0.383,9e-05,▲ +1
454,0.09401,0.13649,0.24,0.13,0.379,9e-05,▲ +1
455,0.09109,0.14049,0.24,0.13,0.378,9e-05,▲ +1
456,0.09198,0.13064,0.24,0.13,0.376,9e-05,▼ BEST
457,0.0922,0.14498,0.24,0.13,0.378,9e-05,▲ +1
458,0.0941,0.14534,0.24,0.13,0.381,9e-05,▲ +1
459,0.09522,0.14453,0.24,0.13,0.38,9e-05,▲ +1
460,0.08994,0.14052,0.24,0.13,0.378,8.9e-05,▲ +1
461,0.1075,0.14744,0.24,0.13,0.384,8.9e-05,▲ +1
462,0.09505,0.1487,0.24,0.13,0.38,8.9e-05,▲ +1
463,0.09197,0.14783,0.24,0.13,0.38,8.9e-05,▲ +1
464,0.09714,0.15091,0.24,0.13,0.378,8.9e-05,▲ +1
465,0.09382,0.14957,0.24,0.13,0.378,8.9e-05,▲ +1
466,0.08926,0.14199,0.24,0.13,0.376,8.9e-05,▲ +1
467,0.09079,0.14173,0.24,0.13,0.376,8.9e-05,▲ +1
468,0.08772,0.14845,0.24,0.13,0.375,8.9e-05,▲ +1
469,0.09731,0.15927,0.24,0.13,0.378,8.9e-05,▲ +1
470,0.09029,0.14109,0.24,0.13,0.376,8.9e-05,▲ +1
471,0.10081,0.14664,0.24,0.13,0.379,8.9e-05,▲ +1
472,0.09462,0.14582,0.24,0.13,0.378,8.9e-05,▲ +1
473,0.09275,0.14286,0.24,0.13,0.377,8.9e-05,▲ +1
474,0.0908,0.1404,0.24,0.13,0.377,8.9e-05,▲ +1
475,0.08578,0.13482,0.24,0.13,0.374,8.9e-05,▲ +1
476,0.08996,0.13765,0.24,0.13,0.374,8.9e-05,▲ +1
477,0.09439,0.15197,0.24,0.13,0.376,8.9e-05,▲ +1
478,0.09124,0.14296,0.24,0.13,0.374,8.9e-05,▲ +1
479,0.09549,0.14457,0.24,0.13,0.373,8.9e-05,▲ +1
480,0.0862,0.14386,0.24,0.13,0.371,8.8e-05,▲ +1
481,0.08474,0.13697,0.24,0.13,0.371,8.8e-05,▲ +1
482,0.08343,0.14497,0.24,0.13,0.371,8.8e-05,▲ +1
483,0.08864,0.13055,0.24,0.13,0.373,8.8e-05,▼ BEST
484,0.08775,0.15332,0.24,0.13,0.369,8.8e-05,▲ +1
485,0.09272,0.14653,0.24,0.13,0.369,8.8e-05,▲ +1
486,0.08812,0.14279,0.24,0.13,0.371,8.8e-05,▲ +1
487,0.08392,0.1391,0.24,0.13,0.368,8.8e-05,▲ +1
488,0.08434,0.1354,0.24,0.13,0.368,8.8e-05,▲ +1
489,0.0902,0.14779,0.24,0.13,0.369,8.8e-05,▲ +1
490,0.09249,0.14699,0.24,0.13,0.371,8.8e-05,▲ +1
491,0.08849,0.14207,0.24,0.13,0.368,8.8e-05,▲ +1
492,0.09048,0.13937,0.24,0.13,0.369,8.8e-05,▲ +1
493,0.0913,0.14782,0.24,0.13,0.371,8.8e-05,▲ +1
494,0.0952,0.14286,0.24,0.13,0.373,8.8e-05,▲ +1
495,0.09221,0.15246,0.24,0.13,0.373,8.8e-05,▲ +1
496,0.0901,0.14342,0.24,0.13,0.371,8.8e-05,▲ +1
497,0.08784,0.15093,0.24,0.13,0.369,8.8e-05,▲ +1
498,0.10629,0.15861,0.24,0.13,0.372,8.8e-05,▲ +1
499,0.0981,0.14499,0.24,0.13,0.373,8.7e-05,▲ +1
500,0.09476,0.14872,0.24,0.13,0.37,8.7e-05,▲ +1
501,0.08987,0.15017,0.24,0.13,0.367,8.7e-05,▲ +1
502,0.08776,0.13824,0.24,0.13,0.367,8.7e-05,▲ +1
503,0.08362,0.13477,0.24,0.13,0.368,8.7e-05,▲ +1
504,0.08686,0.13562,0.24,0.13,0.366,8.7e-05,▲ +1
505,0.0835,0.13954,0.24,0.13,0.365,8.7e-05,▲ +1
506,0.07971,0.1296,0.24,0.13,0.362,8.7e-05,▼ BEST
507,0.08664,0.16359,0.24,0.13,0.364,8.7e-05,▲ +1
508,0.10503,0.15512,0.24,0.13,0.371,8.7e-05,▲ +1
509,0.08961,0.15431,0.24,0.13,0.369,8.7e-05,▲ +1
510,0.08821,0.14162,0.24,0.13,0.368,8.7e-05,▲ +1
511,0.0907,0.15545,0.24,0.13,0.367,8.7e-05,▲ +1
512,0.08425,0.13676,0.24,0.13,0.365,8.7e-05,▲ +1
513,0.08297,0.13618,0.24,0.13,0.365,8.7e-05,▲ +1
514,0.0819,0.1265,0.24,0.13,0.364,8.7e-05,▼ BEST
515,0.08349,0.13392,0.24,0.13,0.363,8.7e-05,▲ +1
516,0.08403,0.20514,0.24,0.13,0.364,8.7e-05,▲ +1
517,0.10164,0.14591,0.24,0.13,0.365,8.7e-05,▲ +1
518,0.08702,0.14488,0.24,0.13,0.362,8.6e-05,▲ +1
519,0.08649,0.14504,0.24,0.13,0.361,8.6e-05,▲ +1
520,0.09194,0.14204,0.24,0.13,0.361,8.6e-05,▲ +1
521,0.09248,0.15884,0.24,0.13,0.364,8.6e-05,▲ +1
522,0.08375,0.15147,0.24,0.13,0.36,8.6e-05,▲ +1
523,0.08647,0.16103,0.24,0.13,0.358,8.6e-05,▲ +1
524,0.08371,0.13176,0.24,0.13,0.358,8.6e-05,▲ +1
525,0.07838,0.1461,0.24,0.13,0.355,8.6e-05,▲ +1
526,0.08229,0.12919,0.24,0.13,0.354,8.6e-05,▲ +1
527,0.08185,0.13712,0.24,0.13,0.355,8.6e-05,▲ +1
528,0.0908,0.1551,0.24,0.13,0.36,8.6e-05,▲ +1
529,0.0839,0.13996,0.24,0.13,0.356,8.6e-05,▲ +1
530,0.08706,0.13586,0.24,0.13,0.355,8.6e-05,▲ +1
531,0.08232,0.1346,0.24,0.13,0.352,8.6e-05,▲ +1
532,0.08071,0.13199,0.24,0.13,0.351,8.6e-05,▲ +1
533,0.0849,0.137,0.24,0.13,0.352,8.6e-05,▲ +1
534,0.08979,0.14989,0.24,0.13,0.352,8.6e-05,▲ +1
535,0.0871,0.14484,0.24,0.13,0.354,8.6e-05,▲ +1
536,0.0892,0.16614,0.24,0.13,0.355,8.5e-05,▲ +1
537,0.08864,0.13665,0.24,0.13,0.353,8.5e-05,▲ +1
538,0.08276,0.1414,0.24,0.13,0.351,8.5e-05,▲ +1
539,0.10216,0.14016,0.24,0.13,0.356,8.5e-05,▲ +1
540,0.09734,0.13513,0.24,0.13,0.354,8.5e-05,▲ +1
541,0.09177,0.13931,0.24,0.13,0.351,8.5e-05,▲ +1
542,0.08197,0.14109,0.24,0.13,0.348,8.5e-05,▲ +1
543,0.09121,0.1469,0.24,0.13,0.351,8.5e-05,▲ +1
544,0.09302,0.14112,0.24,0.13,0.352,8.5e-05,▲ +1
545,0.07932,0.13987,0.24,0.13,0.349,8.5e-05,▲ +1
546,0.08122,0.13431,0.24,0.13,0.348,8.5e-05,▲ +1
547,0.095,0.13541,0.24,0.13,0.35,8.5e-05,▲ +1
548,0.0828,0.14188,0.24,0.13,0.347,8.5e-05,▲ +1
549,0.07742,0.13671,0.24,0.13,0.346,8.5e-05,▲ +1
550,0.09127,0.14365,0.24,0.13,0.349,8.5e-05,▲ +1
551,0.08323,0.15433,0.24,0.13,0.346,8.5e-05,▲ +1
552,0.07909,0.13121,0.24,0.13,0.345,8.5e-05,▲ +1
553,0.07634,0.13703,0.24,0.13,0.344,8.4e-05,▲ +1
554,0.08648,0.13702,0.24,0.13,0.346,8.4e-05,▲ +1
555,0.08328,0.14372,0.24,0.13,0.346,8.4e-05,▲ +1
556,0.08622,0.13249,0.23,0.13,0.346,8.4e-05,▲ +1
557,0.07928,0.13862,0.23,0.13,0.345,8.4e-05,▲ +1
558,0.07728,0.12923,0.24,0.13,0.342,8.4e-05,▲ +1
559,0.08263,0.12558,0.24,0.13,0.341,8.4e-05,▼ BEST
560,0.0793,0.12276,0.24,0.13,0.34,8.4e-05,▼ BEST
561,0.07981,0.13961,0.23,0.13,0.338,8.4e-05,▲ +1
562,0.08352,0.149,0.23,0.12,0.339,8.4e-05,▲ +1
563,0.08417,0.13473,0.24,0.13,0.339,8.4e-05,▲ +1
564,0.10241,0.15839,0.24,0.13,0.346,8.4e-05,▲ +1
565,0.0949,0.15012,0.24,0.13,0.347,8.4e-05,▲ +1
566,0.08969,0.14384,0.23,0.13,0.345,8.4e-05,▲ +1
567,0.08687,0.13911,0.24,0.13,0.344,8.4e-05,▲ +1
568,0.08062,0.13136,0.23,0.12,0.343,8.4e-05,▲ +1
569,0.08207,0.1468,0.23,0.13,0.343,8.4e-05,▲ +1
570,0.08555,0.1338,0.23,0.13,0.344,8.3e-05,▲ +1
571,0.08466,0.12781,0.23,0.13,0.343,8.3e-05,▲ +1
572,0.08692,0.13356,0.23,0.13,0.345,8.3e-05,▲ +1
573,0.08391,0.15347,0.24,0.13,0.345,8.3e-05,▲ +1
574,0.08141,0.12665,0.23,0.12,0.342,8.3e-05,▲ +1
575,0.0829,0.1288,0.24,0.13,0.341,8.3e-05,▲ +1
576,0.08779,0.13025,0.23,0.13,0.342,8.3e-05,▲ +1
577,0.07722,0.12773,0.23,0.12,0.34,8.3e-05,▲ +1
578,0.07587,0.12797,0.23,0.13,0.337,8.3e-05,▲ +1
579,0.07542,0.12968,0.24,0.13,0.337,8.3e-05,▲ +1
580,0.07639,0.13289,0.23,0.12,0.335,8.3e-05,▲ +1
581,0.09498,0.12685,0.23,0.12,0.341,8.3e-05,▲ +1
582,0.07907,0.13142,0.23,0.12,0.34,8.3e-05,▲ +1
583,0.07813,0.14036,0.23,0.12,0.34,8.3e-05,▲ +1
584,0.07709,0.13921,0.23,0.12,0.339,8.3e-05,▲ +1
585,0.07672,0.12976,0.23,0.12,0.338,8.3e-05,▲ +1
586,0.07351,0.14541,0.24,0.13,0.336,8.3e-05,▲ +1
587,0.07917,0.15425,0.24,0.13,0.336,8.2e-05,▲ +1
588,0.08239,0.15572,0.23,0.12,0.336,8.2e-05,▲ +1
589,0.08199,0.13556,0.23,0.12,0.335,8.2e-05,▲ +1
590,0.07895,0.143,0.23,0.13,0.334,8.2e-05,▲ +1
591,0.07748,0.13921,0.24,0.13,0.335,8.2e-05,▲ +1
592,0.10275,0.152,0.24,0.13,0.343,8.2e-05,▲ +1
593,0.09182,0.15144,0.24,0.13,0.339,8.2e-05,▲ +1
594,0.08015,0.13795,0.24,0.13,0.335,8.2e-05,▲ +1
595,0.07935,0.13474,0.24,0.13,0.333,8.2e-05,▲ +1
596,0.07901,0.14064,0.23,0.12,0.33,8.2e-05,▲ +1
597,0.07489,0.13289,0.24,0.13,0.329,8.2e-05,▲ +1
598,0.07717,0.13078,0.23,0.12,0.328,8.2e-05,▲ +1
599,0.07615,0.15495,0.24,0.13,0.327,8.2e-05,▲ +1
600,0.07838,0.13778,0.23,0.12,0.327,8.2e-05,▲ +1
601,0.07607,0.14045,0.23,0.12,0.327,8.2e-05,▲ +1
602,0.07216,0.14165,0.23,0.12,0.326,8.2e-05,▲ +1
603,0.07989,0.14271,0.23,0.12,0.328,8.1e-05,▲ +1
604,0.07321,0.13871,0.23,0.13,0.326,8.1e-05,▲ +1
605,0.07587,0.14129,0.23,0.12,0.324,8.1e-05,▲ +1
606,0.07452,0.13637,0.23,0.12,0.322,8.1e-05,▲ +1
607,0.07442,0.15607,0.24,0.13,0.323,8.1e-05,▲ +1
608,0.09477,0.15365,0.24,0.13,0.331,8.1e-05,▲ +1
609,0.08291,0.14185,0.23,0.12,0.329,8.1e-05,▲ +1
610,0.07616,0.1424,0.24,0.13,0.327,8.1e-05,▲ +1
611,0.08273,0.13465,0.23,0.12,0.329,8.1e-05,▲ +1
612,0.08412,0.12887,0.23,0.12,0.329,8.1e-05,▲ +1
613,0.0787,0.12418,0.24,0.13,0.328,8.1e-05,▲ +1
614,0.08708,0.18335,0.24,0.13,0.329,8.1e-05,▲ +1
615,0.08895,0.13276,0.23,0.13,0.331,8.1e-05,▲ +1
616,0.0852,0.14541,0.23,0.13,0.33,8.1e-05,▲ +1
617,0.09379,0.15961,0.24,0.13,0.333,8.1e-05,▲ +1
618,0.08293,0.12134,0.23,0.12,0.332,8.1e-05,▼ BEST
619,0.07724,0.12729,0.23,0.13,0.329,8e-05,▲ +1
620,0.07804,0.11644,0.23,0.12,0.328,8e-05,▼ BEST
621,0.07782,0.12068,0.23,0.12,0.328,8e-05,▲ +1
622,0.07655,0.12878,0.23,0.12,0.325,8e-05,▲ +1
623,0.07615,0.12263,0.23,0.12,0.325,8e-05,▲ +1
624,0.07554,0.12675,0.23,0.12,0.324,8e-05,▲ +1
625,0.08377,0.14347,0.23,0.13,0.327,8e-05,▲ +1
626,0.08053,0.12925,0.23,0.12,0.324,8e-05,▲ +1
627,0.09002,0.14305,0.23,0.12,0.327,8e-05,▲ +1
628,0.08409,0.13136,0.24,0.13,0.325,8e-05,▲ +1
629,0.07654,0.15388,0.23,0.12,0.323,8e-05,▲ +1
630,0.07843,0.14671,0.23,0.12,0.323,8e-05,▲ +1
631,0.07665,0.14142,0.23,0.12,0.322,8e-05,▲ +1
632,0.07809,0.13003,0.23,0.12,0.321,8e-05,▲ +1
633,0.07858,0.19192,0.23,0.12,0.32,8e-05,▲ +1
634,0.07944,0.15644,0.23,0.12,0.322,7.9e-05,▲ +1
635,0.07986,0.13463,0.23,0.13,0.319,7.9e-05,▲ +1
636,0.08299,0.13141,0.23,0.12,0.321,7.9e-05,▲ +1
637,0.07221,0.13616,0.23,0.12,0.319,7.9e-05,▲ +1
638,0.07161,0.13643,0.23,0.12,0.318,7.9e-05,▲ +1
639,0.07907,0.14647,0.24,0.13,0.317,7.9e-05,▲ +1
640,0.07708,0.15653,0.24,0.13,0.317,7.9e-05,▲ +1
641,0.08116,0.15508,0.24,0.13,0.316,7.9e-05,▲ +1
642,0.07624,0.1506,0.23,0.12,0.316,7.9e-05,▲ +1
643,0.07425,0.13906,0.23,0.12,0.317,7.9e-05,▲ +1
644,0.07484,0.13677,0.23,0.12,0.316,7.9e-05,▲ +1
645,0.07705,0.13192,0.23,0.12,0.316,7.9e-05,▲ +1
646,0.07022,0.13456,0.23,0.12,0.314,7.9e-05,▲ +1
647,0.07517,0.14298,0.24,0.13,0.314,7.9e-05,▲ +1
648,0.07764,0.16117,0.23,0.12,0.318,7.9e-05,▲ +1
649,0.08374,0.15966,0.23,0.12,0.316,7.8e-05,▲ +1
650,0.08297,0.13998,0.24,0.12,0.316,7.8e-05,▲ +1
651,0.08023,0.13907,0.23,0.12,0.315,7.8e-05,▲ +1
652,0.07493,0.14891,0.23,0.12,0.314,7.8e-05,▲ +1
653,0.0734,0.1396,0.23,0.12,0.313,7.8e-05,▲ +1
654,0.07341,0.14384,0.23,0.12,0.314,7.8e-05,▲ +1
655,0.0778,0.13441,0.23,0.12,0.314,7.8e-05,▲ +1
656,0.07678,0.13404,0.23,0.12,0.314,7.8e-05,▲ +1
657,0.07921,0.14325,0.23,0.12,0.316,7.8e-05,▲ +1
658,0.07279,0.13709,0.23,0.12,0.315,7.8e-05,▲ +1
659,0.07683,0.13949,0.23,0.12,0.315,7.8e-05,▲ +1
660,0.0802,0.14881,0.23,0.12,0.314,7.8e-05,▲ +1
661,0.07201,0.13498,0.23,0.12,0.313,7.8e-05,▲ +1
662,0.07054,0.12104,0.23,0.12,0.311,7.8e-05,▲ +1
663,0.07609,0.14072,0.23,0.12,0.312,7.8e-05,▲ +1
664,0.07708,0.13246,0.23,0.12,0.313,7.7e-05,▲ +1
665,0.0714,0.13626,0.23,0.12,0.31,7.7e-05,▲ +1
666,0.0804,0.14777,0.23,0.12,0.312,7.7e-05,▲ +1
667,0.07889,0.14247,0.24,0.13,0.315,7.7e-05,▲ +1
668,0.07523,0.14449,0.23,0.12,0.313,7.7e-05,▲ +1
669,0.08338,0.15248,0.23,0.12,0.316,7.7e-05,▲ +1
670,0.08313,0.14373,0.23,0.12,0.314,7.7e-05,▲ +1
671,0.07536,0.12517,0.23,0.12,0.313,7.7e-05,▲ +1
672,0.07134,0.12313,0.23,0.12,0.313,7.7e-05,▲ +1
673,0.07285,0.14876,0.23,0.12,0.311,7.7e-05,▲ +1
674,0.07913,0.12548,0.23,0.12,0.311,7.7e-05,▲ +1
675,0.07396,0.16214,0.23,0.12,0.312,7.7e-05,▲ +1
676,0.07559,0.13418,0.23,0.12,0.311,7.7e-05,▲ +1
677,0.06842,0.12766,0.24,0.12,0.31,7.7e-05,▲ +1
678,0.08613,0.15861,0.23,0.12,0.315,7.7e-05,▲ +1
679,0.08451,0.13876,0.23,0.12,0.313,7.6e-05,▲ +1
680,0.08214,0.1509,0.23,0.13,0.312,7.6e-05,▲ +1
681,0.08333,0.14586,0.23,0.12,0.312,7.6e-05,▲ +1
682,0.07327,0.16154,0.23,0.12,0.31,7.6e-05,▲ +1
683,0.08297,0.13544,0.23,0.12,0.314,7.6e-05,▲ +1
684,0.07354,0.13994,0.23,0.12,0.311,7.6e-05,▲ +1
685,0.06928,0.13817,0.23,0.12,0.309,7.6e-05,▲ +1
686,0.07397,0.13064,0.23,0.12,0.308,7.6e-05,▲ +1
687,0.06867,0.13728,0.23,0.12,0.307,7.6e-05,▲ +1
688,0.06876,0.12983,0.23,0.12,0.307,7.6e-05,▲ +1
689,0.07792,0.15159,0.23,0.12,0.308,7.6e-05,▲ +1
690,0.07327,0.12732,0.23,0.12,0.308,7.6e-05,▲ +1
691,0.07214,0.14179,0.23,0.12,0.308,7.6e-05,▲ +1
692,0.0809,0.13242,0.23,0.12,0.309,7.6e-05,▲ +1
693,0.0761,0.12553,0.23,0.12,0.308,7.6e-05,▲ +1
694,0.06973,0.12371,0.23,0.12,0.307,7.5e-05,▲ +1
695,0.0705,0.12219,0.23,0.12,0.307,7.5e-05,▲ +1
696,0.07416,0.1265,0.23,0.12,0.307,7.5e-05,▲ +1
697,0.0792,0.12523,0.23,0.12,0.308,7.5e-05,▲ +1
698,0.06937,0.13841,0.23,0.12,0.306,7.5e-05,▲ +1
699,0.07103,0.13066,0.24,0.13,0.306,7.5e-05,▲ +1
700,0.07734,0.12783,0.23,0.12,0.307,7.5e-05,▲ +1
701,0.087,0.12403,0.23,0.12,0.309,7.5e-05,▲ +1
702,0.08247,0.12544,0.24,0.13,0.308,7.5e-05,▲ +1
703,0.07491,0.13419,0.23,0.12,0.306,7.5e-05,▲ +1
704,0.0723,0.14118,0.23,0.12,0.305,7.5e-05,▲ +1
705,0.07656,0.12616,0.23,0.12,0.307,7.5e-05,▲ +1
706,0.07127,0.12443,0.23,0.12,0.306,7.5e-05,▲ +1
707,0.0765,0.13832,0.23,0.12,0.307,7.5e-05,▲ +1
708,0.06923,0.12786,0.23,0.12,0.306,7.4e-05,▲ +1
709,0.0689,0.12358,0.23,0.12,0.305,7.4e-05,▲ +1
710,0.06819,0.12376,0.23,0.12,0.304,7.4e-05,▲ +1
711,0.07075,0.12743,0.23,0.12,0.304,7.4e-05,▲ +1
712,0.07493,0.13105,0.23,0.12,0.307,7.4e-05,▲ +1
713,0.06881,0.12461,0.23,0.12,0.305,7.4e-05,▲ +1
714,0.08575,0.12706,0.23,0.12,0.309,7.4e-05,▲ +1
715,0.07683,0.12516,0.23,0.12,0.309,7.4e-05,▲ +1
716,0.07151,0.1288,0.23,0.12,0.308,7.4e-05,▲ +1
717,0.07349,0.13347,0.23,0.12,0.307,7.4e-05,▲ +1
718,0.07012,0.12802,0.23,0.12,0.305,7.4e-05,▲ +1
719,0.0718,0.12883,0.23,0.12,0.305,7.4e-05,▲ +1
720,0.06477,0.12276,0.23,0.12,0.303,7.4e-05,▲ +1
